URL,company_name
https://www.jobplanet.co.kr/companies/245705/reviews/소리샵,소리샵
https://www.jobplanet.co.kr/companies/51216/reviews/투데코,투데코
https://www.jobplanet.co.kr/companies/102653/reviews/신광티엔아이,신광티엔아이
https://www.jobplanet.co.kr/companies/336799/reviews/헤세드스튜디오스,헤세드스튜디오스
https://www.jobplanet.co.kr/companies/228088/reviews/제이오비즈,제이오비즈
https://www.jobplanet.co.kr/companies/231632/reviews/보노테크,보노테크
https://www.jobplanet.co.kr/companies/50137/reviews/포스아트,포스아트
https://www.jobplanet.co.kr/companies/269721/reviews/신한엘리베이터,신한엘리베이터
https://www.jobplanet.co.kr/companies/50695/reviews/티몬,㈜티몬
https://www.jobplanet.co.kr/companies/399311/reviews/엠엔에스코리아,엠엔에스코리아
https://www.jobplanet.co.kr/companies/398663/reviews/웨이브컴퍼니,㈜웨이브컴퍼니
https://www.jobplanet.co.kr/companies/198662/reviews/한신프로젝트,한신프로젝트
https://www.jobplanet.co.kr/companies/387821/reviews/더하이,더하이
https://www.jobplanet.co.kr/companies/346354/reviews/오플로어,오플로어
https://www.jobplanet.co.kr/companies/368002/reviews/나무뜰,나무뜰
https://www.jobplanet.co.kr/companies/373936/reviews/와드,와드
https://www.jobplanet.co.kr/companies/53227/reviews/케이지이니시스,케이지이니시스
https://www.jobplanet.co.kr/companies/62149/reviews/온미,㈜온미
https://www.jobplanet.co.kr/companies/312198/reviews/플리츠미,㈜플리츠미
https://www.jobplanet.co.kr/companies/39026/reviews/대한농산,대한농산
https://www.jobplanet.co.kr/companies/381532/reviews/모바이컴즈,모바이컴즈
https://www.jobplanet.co.kr/companies/319173/reviews/글로벌네트웍스,글로벌네트웍스
https://www.jobplanet.co.kr/companies/63989/reviews/엘비제이인터내셔날,엘비제이인터내셔날
https://www.jobplanet.co.kr/companies/57836/reviews/비즈마켓,㈜비즈마켓
https://www.jobplanet.co.kr/companies/95178/reviews/그레이스,그레이스
https://www.jobplanet.co.kr/companies/325996/reviews/하나엔지니어링코리아,하나엔지니어링코리아
https://www.jobplanet.co.kr/companies/213328/reviews/제이앤글로리,제이앤글로리
https://www.jobplanet.co.kr/companies/333736/reviews/메리트정보,메리트정보
https://www.jobplanet.co.kr/companies/255009/reviews/마켓비,마켓비
https://www.jobplanet.co.kr/companies/323543/reviews/가솔린,가솔린
https://www.jobplanet.co.kr/companies/332735/reviews/시니프,시니프
https://www.jobplanet.co.kr/companies/388298/reviews/동양미디어판매,동양미디어판매
https://www.jobplanet.co.kr/companies/353944/reviews/데일리컴퍼니,데일리컴퍼니
https://www.jobplanet.co.kr/companies/318241/reviews/테이블엔조이,테이블엔조이
https://www.jobplanet.co.kr/companies/18046/reviews/예스이십사,예스이십사
https://www.jobplanet.co.kr/companies/76291/reviews/바이더알,바이더알
https://www.jobplanet.co.kr/companies/341313/reviews/디엘코리아,디엘코리아
https://www.jobplanet.co.kr/companies/339608/reviews/위버럭스,위버럭스
https://www.jobplanet.co.kr/companies/348203/reviews/플랜제이스타일,플랜제이스타일
https://www.jobplanet.co.kr/companies/314513/reviews/미팩토리,미팩토리
https://www.jobplanet.co.kr/companies/49589/reviews/플레이오토,플레이오토
https://www.jobplanet.co.kr/companies/345270/reviews/우루루,㈜우루루
https://www.jobplanet.co.kr/companies/338087/reviews/펀앤쇼핑,펀앤쇼핑
https://www.jobplanet.co.kr/companies/98349/reviews/카라즈,㈜카라즈
https://www.jobplanet.co.kr/companies/266184/reviews/비티몰,비티몰
https://www.jobplanet.co.kr/companies/339937/reviews/프리플로우,프리플로우
https://www.jobplanet.co.kr/companies/280297/reviews/이비즈마트,이비즈마트
https://www.jobplanet.co.kr/companies/178811/reviews/디지게이트,디지게이트
https://www.jobplanet.co.kr/companies/321413/reviews/반도레포츠,반도레포츠
https://www.jobplanet.co.kr/companies/319719/reviews/인트라게임즈,인트라게임즈
https://www.jobplanet.co.kr/companies/388335/reviews/웹툰샵,웹툰샵
https://www.jobplanet.co.kr/companies/310226/reviews/서정아이엔티,서정아이엔티
https://www.jobplanet.co.kr/companies/383028/reviews/연화미디어,연화미디어
https://www.jobplanet.co.kr/companies/216306/reviews/라온제나아이앤씨,라온제나아이앤씨
https://www.jobplanet.co.kr/companies/346696/reviews/발란,㈜발란
https://www.jobplanet.co.kr/companies/49586/reviews/플레이즈,플레이즈
https://www.jobplanet.co.kr/companies/285081/reviews/대신유통,대신유통
https://www.jobplanet.co.kr/companies/139579/reviews/케이컴정보,케이컴정보
https://www.jobplanet.co.kr/companies/368609/reviews/비앤코,비앤코
https://www.jobplanet.co.kr/companies/324614/reviews/프르다,㈜프르다
https://www.jobplanet.co.kr/companies/311429/reviews/블루포스,블루포스
https://www.jobplanet.co.kr/companies/365675/reviews/사이이,사이이
https://www.jobplanet.co.kr/companies/383925/reviews/그립컴퍼니,그립컴퍼니
https://www.jobplanet.co.kr/companies/335030/reviews/씨엔에이트레이드,씨엔에이트레이드
https://www.jobplanet.co.kr/companies/409007/reviews/브릿지존,브릿지존
https://www.jobplanet.co.kr/companies/104020/reviews/인포캐드,인포캐드
https://www.jobplanet.co.kr/companies/336166/reviews/유쾌한생각,유쾌한생각
https://www.jobplanet.co.kr/companies/167422/reviews/코인비엠에스,코인비엠에스
https://www.jobplanet.co.kr/companies/309703/reviews/위즈앤컴퍼니,위즈앤컴퍼니
https://www.jobplanet.co.kr/companies/60558/reviews/위즈컴퍼니,㈜위즈컴퍼니
https://www.jobplanet.co.kr/companies/378617/reviews/박남매,박남매
https://www.jobplanet.co.kr/companies/319354/reviews/백패커,백패커
https://www.jobplanet.co.kr/companies/348815/reviews/바이런네트웍스,바이런네트웍스
https://www.jobplanet.co.kr/companies/392091/reviews/서신인터내셔널,서신인터내셔널
https://www.jobplanet.co.kr/companies/372310/reviews/바디스톤,바디스톤
https://www.jobplanet.co.kr/companies/332056/reviews/브리엄,브리엄
https://www.jobplanet.co.kr/companies/333027/reviews/벨페스타,벨페스타
https://www.jobplanet.co.kr/companies/114065/reviews/삼영코리아,삼영코리아
https://www.jobplanet.co.kr/companies/253251/reviews/아이넥서스,아이넥서스
https://www.jobplanet.co.kr/companies/32130/reviews/보몽드,보몽드
https://www.jobplanet.co.kr/companies/51130/reviews/트라이씨클,트라이씨클
https://www.jobplanet.co.kr/companies/410255/reviews/메사캠프,㈜메사캠프
https://www.jobplanet.co.kr/companies/374315/reviews/엠엔씨컴퍼니,엠엔씨컴퍼니
https://www.jobplanet.co.kr/companies/323144/reviews/누리플러스,누리플러스
https://www.jobplanet.co.kr/companies/237950/reviews/엠디에스마케팅,엠디에스마케팅
https://www.jobplanet.co.kr/companies/87326/reviews/제이엔터프라이즈,제이엔터프라이즈
https://www.jobplanet.co.kr/companies/232854/reviews/웹뜰,웹뜰
https://www.jobplanet.co.kr/companies/285716/reviews/잉크미디어,잉크미디어
https://www.jobplanet.co.kr/companies/210381/reviews/리앤씨,리앤씨
https://www.jobplanet.co.kr/companies/69377/reviews/스마트솔루션즈,스마트솔루션즈
https://www.jobplanet.co.kr/companies/51215/reviews/투두쇼핑,투두쇼핑
https://www.jobplanet.co.kr/companies/368907/reviews/아이엔에스,아이엔에스
https://www.jobplanet.co.kr/companies/189235/reviews/수아트,수아트
https://www.jobplanet.co.kr/companies/89212/reviews/엘솔컴퍼니,엘솔컴퍼니
https://www.jobplanet.co.kr/companies/1435/reviews/현대농산,현대농산
https://www.jobplanet.co.kr/companies/137069/reviews/해오름아이,해오름아이
https://www.jobplanet.co.kr/companies/84081/reviews/나이빅,나이빅
https://www.jobplanet.co.kr/companies/313994/reviews/브리치,브리치
https://www.jobplanet.co.kr/companies/78633/reviews/롯데닷컴,롯데닷컴
https://www.jobplanet.co.kr/companies/138576/reviews/바나실아이엔씨,바나실아이엔씨
https://www.jobplanet.co.kr/companies/276527/reviews/에스디코퍼레이션,에스디코퍼레이션
https://www.jobplanet.co.kr/companies/326685/reviews/도디스,도디스
https://www.jobplanet.co.kr/companies/80131/reviews/드림아이엠에스,드림아이엠에스
https://www.jobplanet.co.kr/companies/340202/reviews/리네아스토리아,리네아스토리아
https://www.jobplanet.co.kr/companies/352957/reviews/워크플로컴퍼니,워크플로컴퍼니
https://www.jobplanet.co.kr/companies/25333/reviews/스타일커플,스타일커플
https://www.jobplanet.co.kr/companies/101707/reviews/제이에스디지탈,제이에스디지탈
https://www.jobplanet.co.kr/companies/35912/reviews/레고코리아,레고코리아
https://www.jobplanet.co.kr/companies/223769/reviews/이래컴퍼니,이래컴퍼니
https://www.jobplanet.co.kr/companies/91332/reviews/코넥스솔루션,코넥스솔루션
https://www.jobplanet.co.kr/companies/320003/reviews/푸드장,푸드장
https://www.jobplanet.co.kr/companies/109862/reviews/커뮤즈파트너스,커뮤즈파트너스
https://www.jobplanet.co.kr/companies/361649/reviews/해피라이프,해피라이프
https://www.jobplanet.co.kr/companies/312417/reviews/와인음향,와인음향
https://www.jobplanet.co.kr/companies/325921/reviews/듀크네트웍스,듀크네트웍스
https://www.jobplanet.co.kr/companies/15388/reviews/유니메드제약,유니메드제약㈜
https://www.jobplanet.co.kr/companies/327943/reviews/하로월드,하로월드
https://www.jobplanet.co.kr/companies/391565/reviews/스코컴퍼니,스코컴퍼니
https://www.jobplanet.co.kr/companies/148984/reviews/더휴먼네트웍스,더휴먼네트웍스
https://www.jobplanet.co.kr/companies/34785/reviews/메가브레인,메가브레인
https://www.jobplanet.co.kr/companies/161909/reviews/신성아이넷,신성아이넷
https://www.jobplanet.co.kr/companies/121919/reviews/큐니걸스,큐니걸스
https://www.jobplanet.co.kr/companies/282523/reviews/스포츠다이렉트닷컴,스포츠다이렉트닷컴
https://www.jobplanet.co.kr/companies/266185/reviews/썬오피스,썬오피스
https://www.jobplanet.co.kr/companies/51541/reviews/테라넷,테라넷
https://www.jobplanet.co.kr/companies/323870/reviews/이카소,이카소
https://www.jobplanet.co.kr/companies/352733/reviews/케이에스리테일,케이에스리테일
https://www.jobplanet.co.kr/companies/385153/reviews/두리몽,두리몽
https://www.jobplanet.co.kr/companies/357302/reviews/서원에프엠씨지,㈜서원에프엠씨지
https://www.jobplanet.co.kr/companies/132913/reviews/조이하비,조이하비
https://www.jobplanet.co.kr/companies/381311/reviews/씨엔에이치,씨엔에이치
https://www.jobplanet.co.kr/companies/378563/reviews/니트포유,니트포유
https://www.jobplanet.co.kr/companies/369077/reviews/착한푸드,착한푸드
https://www.jobplanet.co.kr/companies/346460/reviews/페이베이,페이베이
https://www.jobplanet.co.kr/companies/329646/reviews/신문화중심,신문화중심
https://www.jobplanet.co.kr/companies/101233/reviews/제이제이미트,제이제이미트
https://www.jobplanet.co.kr/companies/331169/reviews/온성,온성
https://www.jobplanet.co.kr/companies/352351/reviews/카푸,카푸
https://www.jobplanet.co.kr/companies/75843/reviews/베베스토리,베베스토리
https://www.jobplanet.co.kr/companies/95291/reviews/뮤제오,뮤제오
https://www.jobplanet.co.kr/companies/91958/reviews/에스엔패션그룹,에스엔패션그룹
https://www.jobplanet.co.kr/companies/324405/reviews/오가닉스몰,오가닉스몰
https://www.jobplanet.co.kr/companies/183679/reviews/신시스템,신시스템
https://www.jobplanet.co.kr/companies/101084/reviews/휴센,휴센
https://www.jobplanet.co.kr/companies/275374/reviews/필립상사,필립상사
https://www.jobplanet.co.kr/companies/253368/reviews/제이컴정보통신,제이컴정보통신
https://www.jobplanet.co.kr/companies/393604/reviews/와이엔코,와이엔코
https://www.jobplanet.co.kr/companies/221288/reviews/진승교역,진승교역
https://www.jobplanet.co.kr/companies/377895/reviews/넛츠팜,넛츠팜
https://www.jobplanet.co.kr/companies/83506/reviews/넥스티즈,넥스티즈
https://www.jobplanet.co.kr/companies/50435/reviews/파티수,파티수
https://www.jobplanet.co.kr/companies/13581/reviews/이츠미,이츠미
https://www.jobplanet.co.kr/companies/385827/reviews/닥터리본,㈜닥터리본
https://www.jobplanet.co.kr/companies/63284/reviews/엠트웰브,엠트웰브
https://www.jobplanet.co.kr/companies/294160/reviews/케이엠글로벌,케이엠글로벌
https://www.jobplanet.co.kr/companies/391990/reviews/임박몰,임박몰
https://www.jobplanet.co.kr/companies/317646/reviews/우리가앤,우리가앤
https://www.jobplanet.co.kr/companies/342518/reviews/에스엠에코랩,에스엠에코랩
https://www.jobplanet.co.kr/companies/62425/reviews/오앤에스,오앤에스
https://www.jobplanet.co.kr/companies/330937/reviews/엔에이치엔위투,엔에이치엔위투
https://www.jobplanet.co.kr/companies/131330/reviews/토니하우스,토니하우스
https://www.jobplanet.co.kr/companies/276013/reviews/에이치앤에쓰,에이치앤에쓰
https://www.jobplanet.co.kr/companies/336998/reviews/한국데이터뱅크,한국데이터뱅크
https://www.jobplanet.co.kr/companies/104304/reviews/나비잠,나비잠
https://www.jobplanet.co.kr/companies/407439/reviews/마랑,마랑
https://www.jobplanet.co.kr/companies/321008/reviews/테라비즈,테라비즈
https://www.jobplanet.co.kr/companies/366618/reviews/이지텍,이지텍
https://www.jobplanet.co.kr/companies/76991/reviews/문고리닷컴,문고리닷컴
https://www.jobplanet.co.kr/companies/68251/reviews/아이네오키트,아이네오키트
https://www.jobplanet.co.kr/companies/13768/reviews/이오스트,이오스트
https://www.jobplanet.co.kr/companies/352090/reviews/비주얼웍스,비주얼웍스
https://www.jobplanet.co.kr/companies/421448/reviews/세븐스타나이스,세븐스타나이스
https://www.jobplanet.co.kr/companies/331394/reviews/네오베이,네오베이
https://www.jobplanet.co.kr/companies/374450/reviews/더메종,더메종
https://www.jobplanet.co.kr/companies/52500/reviews/쿠키하우스,쿠키하우스
https://www.jobplanet.co.kr/companies/332335/reviews/큐리브,큐리브
https://www.jobplanet.co.kr/companies/73159/reviews/샤캄,샤캄
https://www.jobplanet.co.kr/companies/221039/reviews/골드몰,골드몰
https://www.jobplanet.co.kr/companies/162886/reviews/씨엔디상사,씨엔디상사
https://www.jobplanet.co.kr/companies/306810/reviews/서광물류,서광물류
https://www.jobplanet.co.kr/companies/251445/reviews/키스오피스,키스오피스
https://www.jobplanet.co.kr/companies/103297/reviews/태강아이온,태강아이온
https://www.jobplanet.co.kr/companies/90021/reviews/아이템베이,㈜아이템베이
https://www.jobplanet.co.kr/companies/208783/reviews/유엠아이통상,유엠아이통상
https://www.jobplanet.co.kr/companies/326331/reviews/부크크,부크크
https://www.jobplanet.co.kr/companies/78722/reviews/로이룩,로이룩
https://www.jobplanet.co.kr/companies/60747/reviews/웹이즈,웹이즈
https://www.jobplanet.co.kr/companies/352121/reviews/오빅,오빅
https://www.jobplanet.co.kr/companies/322090/reviews/골드리아,㈜골드리아
https://www.jobplanet.co.kr/companies/421071/reviews/디지털웨이브,디지털웨이브
https://www.jobplanet.co.kr/companies/110900/reviews/아름다운프로,㈜아름다운프로
https://www.jobplanet.co.kr/companies/350408/reviews/스타일북,스타일북
https://www.jobplanet.co.kr/companies/340926/reviews/지엔아이컴퍼니,지엔아이컴퍼니
https://www.jobplanet.co.kr/companies/374778/reviews/아이닉,아이닉
https://www.jobplanet.co.kr/companies/318501/reviews/테이스트샵,테이스트샵
https://www.jobplanet.co.kr/companies/122920/reviews/고고싱,고고싱
https://www.jobplanet.co.kr/companies/337759/reviews/실피드,실피드
https://www.jobplanet.co.kr/companies/368673/reviews/비앤코퍼레이션,비앤코퍼레이션
https://www.jobplanet.co.kr/companies/171763/reviews/박스바다,박스바다
https://www.jobplanet.co.kr/companies/354842/reviews/엘제이컴퍼니,엘제이컴퍼니
https://www.jobplanet.co.kr/companies/363297/reviews/골드앤,골드앤
https://www.jobplanet.co.kr/companies/109017/reviews/브랜즈웰,브랜즈웰
https://www.jobplanet.co.kr/companies/339460/reviews/디어스타,디어스타
https://www.jobplanet.co.kr/companies/348162/reviews/지앤미,지앤미
https://www.jobplanet.co.kr/companies/104751/reviews/블루컴퍼니,블루컴퍼니
https://www.jobplanet.co.kr/companies/406306/reviews/티알지에프엔알,티알지에프엔알
https://www.jobplanet.co.kr/companies/51112/reviews/트랜드메카,㈜트랜드메카
https://www.jobplanet.co.kr/companies/321591/reviews/와이엠인터내셔널,와이엠인터내셔널
https://www.jobplanet.co.kr/companies/47977/reviews/한투한,한투한
https://www.jobplanet.co.kr/companies/322279/reviews/민커뮤니티,민커뮤니티
https://www.jobplanet.co.kr/companies/157789/reviews/조이스포츠,조이스포츠㈜
https://www.jobplanet.co.kr/companies/162783/reviews/포더피플,포더피플
https://www.jobplanet.co.kr/companies/284293/reviews/엔라인,엔라인
https://www.jobplanet.co.kr/companies/418370/reviews/제이커머스,제이커머스
https://www.jobplanet.co.kr/companies/303107/reviews/지오피아,지오피아
https://www.jobplanet.co.kr/companies/319715/reviews/티디에이치컴퍼니,티디에이치컴퍼니
https://www.jobplanet.co.kr/companies/409933/reviews/에스와이홀딩스,에스와이홀딩스
https://www.jobplanet.co.kr/companies/23059/reviews/아뜨레,아뜨레
https://www.jobplanet.co.kr/companies/150425/reviews/한테크생활건강,한테크생활건강
https://www.jobplanet.co.kr/companies/399227/reviews/블루윙,블루윙
https://www.jobplanet.co.kr/companies/335729/reviews/애플뮤직,애플뮤직
https://www.jobplanet.co.kr/companies/280200/reviews/알앤알,알앤알
https://www.jobplanet.co.kr/companies/226271/reviews/스탠다드트레이딩,스탠다드트레이딩
https://www.jobplanet.co.kr/companies/334948/reviews/가나,가나
https://www.jobplanet.co.kr/companies/5158/reviews/퍼니메이드,퍼니메이드
https://www.jobplanet.co.kr/companies/146984/reviews/남평화상가,남평화상가㈜
https://www.jobplanet.co.kr/companies/181345/reviews/제이앤와이스타일,제이앤와이스타일
https://www.jobplanet.co.kr/companies/285452/reviews/케이타운포유,㈜케이타운포유
https://www.jobplanet.co.kr/companies/102273/reviews/디엠에이씨인터내셔널,디엠에이씨인터내셔널
https://www.jobplanet.co.kr/companies/213469/reviews/이솔에프앤씨,이솔에프앤씨
https://www.jobplanet.co.kr/companies/338462/reviews/헬로마켓,(주)헬로마켓
https://www.jobplanet.co.kr/companies/141263/reviews/디자인비스튜디오,디자인비스튜디오
https://www.jobplanet.co.kr/companies/61401/reviews/우원글로벌,우원글로벌
https://www.jobplanet.co.kr/companies/392803/reviews/콜럼버스코리아,콜럼버스코리아
https://www.jobplanet.co.kr/companies/251074/reviews/코스픽,코스픽
https://www.jobplanet.co.kr/companies/275318/reviews/주윤씨앤씨,주윤씨앤씨
https://www.jobplanet.co.kr/companies/257588/reviews/루니야,루니야
https://www.jobplanet.co.kr/companies/67301/reviews/아코비젼,아코비젼
https://www.jobplanet.co.kr/companies/153380/reviews/아이엔에스코리아,아이엔에스코리아
https://www.jobplanet.co.kr/companies/355596/reviews/무신사,무신사
https://www.jobplanet.co.kr/companies/42241/reviews/네오웨이,네오웨이
https://www.jobplanet.co.kr/companies/326329/reviews/베리타코리아,베리타코리아
https://www.jobplanet.co.kr/companies/89910/reviews/티엔아이커머스,티엔아이커머스
https://www.jobplanet.co.kr/companies/104238/reviews/감성글로벌,감성글로벌㈜
https://www.jobplanet.co.kr/companies/104348/reviews/트라이원테크,트라이원테크
https://www.jobplanet.co.kr/companies/198342/reviews/선택컨슈머,선택컨슈머
https://www.jobplanet.co.kr/companies/358376/reviews/가이드컴,가이드컴
https://www.jobplanet.co.kr/companies/238388/reviews/베베쿡,㈜베베쿡
https://www.jobplanet.co.kr/companies/329353/reviews/아이에스컴퍼니,아이에스컴퍼니
https://www.jobplanet.co.kr/companies/92638/reviews/다모아캠,다모아캠
https://www.jobplanet.co.kr/companies/332010/reviews/씨티와치,씨티와치
https://www.jobplanet.co.kr/companies/154967/reviews/영광상사,영광상사
https://www.jobplanet.co.kr/companies/158627/reviews/대산정보아이티,대산정보아이티
https://www.jobplanet.co.kr/companies/309039/reviews/오즈아이앤씨,오즈아이앤씨
https://www.jobplanet.co.kr/companies/137312/reviews/예원테크,예원테크
https://www.jobplanet.co.kr/companies/61126/reviews/원어데이,원어데이
https://www.jobplanet.co.kr/companies/77590/reviews/부릉,㈜부릉
https://www.jobplanet.co.kr/companies/394547/reviews/삼에스,삼에스
https://www.jobplanet.co.kr/companies/338130/reviews/베스트웨이코리아,베스트웨이코리아
https://www.jobplanet.co.kr/companies/173326/reviews/지오택,지오택
https://www.jobplanet.co.kr/companies/275235/reviews/메가엠,메가엠
https://www.jobplanet.co.kr/companies/321262/reviews/중고나라,중고나라
https://www.jobplanet.co.kr/companies/356191/reviews/인티그레이션,㈜인티그레이션
https://www.jobplanet.co.kr/companies/183548/reviews/쿨앤쿨,쿨앤쿨
https://www.jobplanet.co.kr/companies/313896/reviews/한국생활건강,한국생활건강
https://www.jobplanet.co.kr/companies/258203/reviews/진티앤,진티앤
https://www.jobplanet.co.kr/companies/184547/reviews/영우티엔지,영우티엔지
https://www.jobplanet.co.kr/companies/309598/reviews/판다코리아닷컴,판다코리아닷컴
https://www.jobplanet.co.kr/companies/352347/reviews/퍼플랩스헬스케어,㈜퍼플랩스헬스케어
https://www.jobplanet.co.kr/companies/88884/reviews/트루폭시,트루폭시
https://www.jobplanet.co.kr/companies/310750/reviews/에코생활건강,에코생활건강
https://www.jobplanet.co.kr/companies/317342/reviews/더블제이,더블제이
https://www.jobplanet.co.kr/companies/354227/reviews/드림워커,드림워커
https://www.jobplanet.co.kr/companies/52093/reviews/타메네트웍스,타메네트웍스
https://www.jobplanet.co.kr/companies/122381/reviews/상도가구,상도가구
https://www.jobplanet.co.kr/companies/389934/reviews/거상코리아,거상코리아
https://www.jobplanet.co.kr/companies/157333/reviews/코리안소프트플라자,코리안소프트플라자
https://www.jobplanet.co.kr/companies/230638/reviews/대무,대무
https://www.jobplanet.co.kr/companies/299176/reviews/코스코엠알오,코스코엠알오
https://www.jobplanet.co.kr/companies/87444/reviews/쿠팡,쿠팡(주)
https://www.jobplanet.co.kr/companies/189602/reviews/엠피나비,㈜엠피나비
https://www.jobplanet.co.kr/companies/358170/reviews/해진,해진
https://www.jobplanet.co.kr/companies/365826/reviews/효성컴퍼니,효성컴퍼니
https://www.jobplanet.co.kr/companies/84353/reviews/나나앤컴퍼니,나나앤컴퍼니
https://www.jobplanet.co.kr/companies/145852/reviews/텍스트무브,텍스트무브
https://www.jobplanet.co.kr/companies/346353/reviews/쉬즈백,쉬즈백
https://www.jobplanet.co.kr/companies/335236/reviews/프라임생활건강,프라임생활건강
https://www.jobplanet.co.kr/companies/338254/reviews/에스엠팜,에스엠팜
https://www.jobplanet.co.kr/companies/94636/reviews/풋스케이프,풋스케이프
https://www.jobplanet.co.kr/companies/280210/reviews/바이포인,바이포인
https://www.jobplanet.co.kr/companies/147200/reviews/오토앤,오토앤
https://www.jobplanet.co.kr/companies/325926/reviews/모노톡시,모노톡시
https://www.jobplanet.co.kr/companies/90282/reviews/티싸게패션컴퍼니,티싸게패션컴퍼니
https://www.jobplanet.co.kr/companies/313068/reviews/싱크로드코리아,싱크로드코리아
https://www.jobplanet.co.kr/companies/335438/reviews/보니코리아,보니코리아
https://www.jobplanet.co.kr/companies/380032/reviews/스포츠에이스,스포츠에이스
https://www.jobplanet.co.kr/companies/203568/reviews/케이디글로벌,케이디글로벌
https://www.jobplanet.co.kr/companies/402110/reviews/에쓰티케이,에쓰티케이
https://www.jobplanet.co.kr/companies/279199/reviews/아침애아침에,아침애아침에
https://www.jobplanet.co.kr/companies/314997/reviews/록큰롤비즈니스그룹,록큰롤비즈니스그룹
https://www.jobplanet.co.kr/companies/260365/reviews/키넥스,키넥스
https://www.jobplanet.co.kr/companies/358093/reviews/더라벨,더라벨
https://www.jobplanet.co.kr/companies/123467/reviews/모코블링,모코블링
https://www.jobplanet.co.kr/companies/81531/reviews/더네이처컴퍼니,더네이처컴퍼니
https://www.jobplanet.co.kr/companies/363681/reviews/또래친구,또래친구
https://www.jobplanet.co.kr/companies/158551/reviews/반석전자,반석전자
https://www.jobplanet.co.kr/companies/416018/reviews/오랑주,오랑주
https://www.jobplanet.co.kr/companies/103124/reviews/도기야,도기야
https://www.jobplanet.co.kr/companies/341110/reviews/코테나,코테나
https://www.jobplanet.co.kr/companies/419700/reviews/쿄다이커머스,쿄다이커머스
https://www.jobplanet.co.kr/companies/346720/reviews/카옥션,카옥션
https://www.jobplanet.co.kr/companies/283245/reviews/하나로영농조합법인,하나로영농조합법인
https://www.jobplanet.co.kr/companies/357907/reviews/창대씨엔디가구,창대씨엔디가구
https://www.jobplanet.co.kr/companies/101890/reviews/웰씨존,웰씨존
https://www.jobplanet.co.kr/companies/312270/reviews/팔로우미런던디자인,팔로우미런던디자인㈜
https://www.jobplanet.co.kr/companies/97198/reviews/비아이에스,비아이에스
https://www.jobplanet.co.kr/companies/35759/reviews/로쏘,㈜로쏘
https://www.jobplanet.co.kr/companies/396962/reviews/한가득영농회,한가득영농회
https://www.jobplanet.co.kr/companies/347280/reviews/서도엠앤디,서도엠앤디
https://www.jobplanet.co.kr/companies/283734/reviews/에스앤와이,에스앤와이
https://www.jobplanet.co.kr/companies/358477/reviews/신민전자,신민전자
https://www.jobplanet.co.kr/companies/296789/reviews/프라임티에이시,프라임티에이시
https://www.jobplanet.co.kr/companies/409545/reviews/하이하이,하이하이
https://www.jobplanet.co.kr/companies/338061/reviews/어나더무드,어나더무드
https://www.jobplanet.co.kr/companies/2175/reviews/한원푸드시스템,한원푸드시스템
https://www.jobplanet.co.kr/companies/57832/reviews/아이아이씨컴퍼니,㈜아이아이씨컴퍼니
https://www.jobplanet.co.kr/companies/337923/reviews/이고진,이고진
https://www.jobplanet.co.kr/companies/212091/reviews/동서푸드,동서푸드
https://www.jobplanet.co.kr/companies/58993/reviews/이바이랜드,이바이랜드
https://www.jobplanet.co.kr/companies/143936/reviews/아트인,아트인
https://www.jobplanet.co.kr/companies/359562/reviews/디홀릭커머스,디홀릭커머스
https://www.jobplanet.co.kr/companies/357628/reviews/네이처가든,네이처가든
https://www.jobplanet.co.kr/companies/83214/reviews/누비지오,누비지오
https://www.jobplanet.co.kr/companies/305071/reviews/델리코,델리코
https://www.jobplanet.co.kr/companies/283070/reviews/태웅물산,태웅물산
https://www.jobplanet.co.kr/companies/374942/reviews/디비앤코,디비앤코
https://www.jobplanet.co.kr/companies/91512/reviews/비투비마켓,비투비마켓
https://www.jobplanet.co.kr/companies/52232/reviews/클래식마인드,클래식마인드
https://www.jobplanet.co.kr/companies/404715/reviews/지앤건강생활,㈜지앤건강생활
https://www.jobplanet.co.kr/companies/358079/reviews/갑조네,갑조네
https://www.jobplanet.co.kr/companies/294625/reviews/쓰리피자기경영연구소,쓰리피자기경영연구소
https://www.jobplanet.co.kr/companies/383817/reviews/컴프라이스,컴프라이스
https://www.jobplanet.co.kr/companies/337774/reviews/에버앤에버,에버앤에버
https://www.jobplanet.co.kr/companies/335284/reviews/아트뮤코리아,아트뮤코리아
https://www.jobplanet.co.kr/companies/322438/reviews/와이비홀딩스,와이비홀딩스
https://www.jobplanet.co.kr/companies/22544/reviews/아이디어마켓,아이디어마켓
https://www.jobplanet.co.kr/companies/317278/reviews/매드스퀘어,매드스퀘어
https://www.jobplanet.co.kr/companies/309895/reviews/네페코리아,네페코리아
https://www.jobplanet.co.kr/companies/85220/reviews/구구플라워,구구플라워
https://www.jobplanet.co.kr/companies/153104/reviews/오토세븐,오토세븐
https://www.jobplanet.co.kr/companies/345256/reviews/아렌델,아렌델
https://www.jobplanet.co.kr/companies/363285/reviews/하이케이넷,하이케이넷
https://www.jobplanet.co.kr/companies/340843/reviews/케이씨제이,케이씨제이
https://www.jobplanet.co.kr/companies/364919/reviews/나나진,나나진
https://www.jobplanet.co.kr/companies/359476/reviews/어반차일드,어반차일드
https://www.jobplanet.co.kr/companies/19275/reviews/엠엠피아이,엠엠피아이
https://www.jobplanet.co.kr/companies/334446/reviews/오렌지가든,오렌지가든
https://www.jobplanet.co.kr/companies/84632/reviews/금상첨화,금상첨화
https://www.jobplanet.co.kr/companies/144690/reviews/해피네스현,㈜해피네스현
https://www.jobplanet.co.kr/companies/82999/reviews/커넥트웨이브,㈜커넥트웨이브
https://www.jobplanet.co.kr/companies/389436/reviews/코스믹레이,코스믹레이
https://www.jobplanet.co.kr/companies/318407/reviews/스킨피스,스킨피스
https://www.jobplanet.co.kr/companies/271451/reviews/포드커머스,포드커머스
https://www.jobplanet.co.kr/companies/348661/reviews/올삭스,올삭스
https://www.jobplanet.co.kr/companies/52327/reviews/크로스몰,크로스몰
https://www.jobplanet.co.kr/companies/324633/reviews/나도사장님,나도사장님
https://www.jobplanet.co.kr/companies/245876/reviews/아이엔에프아이엑스,아이엔에프아이엑스
https://www.jobplanet.co.kr/companies/309466/reviews/에이엘컴퍼니,에이엘컴퍼니
https://www.jobplanet.co.kr/companies/368134/reviews/청년들,청년들
https://www.jobplanet.co.kr/companies/327899/reviews/더스마티,더스마티
https://www.jobplanet.co.kr/companies/78851/reviews/로고나코리아,로고나코리아
https://www.jobplanet.co.kr/companies/343013/reviews/벤디스코리아,벤디스코리아
https://www.jobplanet.co.kr/companies/339035/reviews/블레스컴퍼니,블레스컴퍼니
https://www.jobplanet.co.kr/companies/91256/reviews/티에이플래닛,티에이플래닛
https://www.jobplanet.co.kr/companies/85769/reviews/겟투겟닷컴,겟투겟닷컴
https://www.jobplanet.co.kr/companies/397642/reviews/엔비웨일인터렉티브,엔비웨일인터렉티브
https://www.jobplanet.co.kr/companies/311145/reviews/로그온커머스,로그온커머스
https://www.jobplanet.co.kr/companies/345524/reviews/씨엔컴퍼니,씨엔컴퍼니
https://www.jobplanet.co.kr/companies/359758/reviews/에이블어스,에이블어스
https://www.jobplanet.co.kr/companies/142505/reviews/앰플러스,앰플러스
https://www.jobplanet.co.kr/companies/351634/reviews/생활공작소,㈜생활공작소
https://www.jobplanet.co.kr/companies/150430/reviews/세중통상,세중통상
https://www.jobplanet.co.kr/companies/353452/reviews/피앤에프컴퍼니,피앤에프컴퍼니
https://www.jobplanet.co.kr/companies/94347/reviews/아이베,아이베
https://www.jobplanet.co.kr/companies/355455/reviews/인트비즈,인트비즈
https://www.jobplanet.co.kr/companies/74618/reviews/비엘에스코리아,비엘에스코리아
https://www.jobplanet.co.kr/companies/256453/reviews/준광아이티,준광아이티
https://www.jobplanet.co.kr/companies/281435/reviews/제이코스,제이코스
https://www.jobplanet.co.kr/companies/346815/reviews/스킨나래,스킨나래
https://www.jobplanet.co.kr/companies/169081/reviews/아이피에스예쁜창고,아이피에스예쁜창고
https://www.jobplanet.co.kr/companies/238670/reviews/청운산업,청운산업
https://www.jobplanet.co.kr/companies/421091/reviews/서래푸드,서래푸드
https://www.jobplanet.co.kr/companies/414448/reviews/보고플레이,㈜보고플레이
https://www.jobplanet.co.kr/companies/353792/reviews/스프링타임에프앤엠,스프링타임에프앤엠
https://www.jobplanet.co.kr/companies/368239/reviews/인터플래닛,인터플래닛
https://www.jobplanet.co.kr/companies/93841/reviews/블루원,블루원
https://www.jobplanet.co.kr/companies/215338/reviews/지에이치샵,지에이치샵
https://www.jobplanet.co.kr/companies/111477/reviews/카르도씨앤에스,카르도씨앤에스
https://www.jobplanet.co.kr/companies/235389/reviews/에베레스트,에베레스트
https://www.jobplanet.co.kr/companies/277613/reviews/프로라이팅,프로라이팅
https://www.jobplanet.co.kr/companies/321060/reviews/뉴홉,뉴홉
https://www.jobplanet.co.kr/companies/370095/reviews/미건화장품,미건화장품
https://www.jobplanet.co.kr/companies/388476/reviews/호수조명,호수조명
https://www.jobplanet.co.kr/companies/222814/reviews/금산양전농원,금산양전농원
https://www.jobplanet.co.kr/companies/308973/reviews/비욘드뷰티,비욘드뷰티
https://www.jobplanet.co.kr/companies/350042/reviews/바이크마트,㈜바이크마트
https://www.jobplanet.co.kr/companies/374910/reviews/강경숙칠판,강경숙칠판
https://www.jobplanet.co.kr/companies/320965/reviews/이즈앤트리,㈜이즈앤트리
https://www.jobplanet.co.kr/companies/348972/reviews/디자인플러스와우,디자인플러스와우
https://www.jobplanet.co.kr/companies/353044/reviews/이올,이올
https://www.jobplanet.co.kr/companies/311755/reviews/인터스텔라,㈜인터스텔라
https://www.jobplanet.co.kr/companies/67565/reviews/아이템홀릭,아이템홀릭
https://www.jobplanet.co.kr/companies/316824/reviews/이지솔라,이지솔라
https://www.jobplanet.co.kr/companies/183247/reviews/비욘드리서치,비욘드리서치
https://www.jobplanet.co.kr/companies/272406/reviews/신웅이앤씨,신웅이앤씨
https://www.jobplanet.co.kr/companies/318382/reviews/러블리슈즈,러블리슈즈
https://www.jobplanet.co.kr/companies/326644/reviews/홈앤하우스,홈앤하우스
https://www.jobplanet.co.kr/companies/361443/reviews/웰리노,웰리노
https://www.jobplanet.co.kr/companies/422977/reviews/이펫몰,이펫몰
https://www.jobplanet.co.kr/companies/364833/reviews/이앤유시스템즈,이앤유시스템즈
https://www.jobplanet.co.kr/companies/112703/reviews/영현아이앤씨,영현아이앤씨
https://www.jobplanet.co.kr/companies/372996/reviews/메디위,메디위
https://www.jobplanet.co.kr/companies/327682/reviews/스톤컴퍼니,스톤컴퍼니
https://www.jobplanet.co.kr/companies/91785/reviews/익스트림피크,익스트림피크
https://www.jobplanet.co.kr/companies/343945/reviews/페이퍼플레인키즈,페이퍼플레인키즈
https://www.jobplanet.co.kr/companies/331166/reviews/글로벌푸드시스템,글로벌푸드시스템
https://www.jobplanet.co.kr/companies/308505/reviews/쥬엔,쥬엔
https://www.jobplanet.co.kr/companies/195098/reviews/아우토반디자인하우스,아우토반디자인하우스
https://www.jobplanet.co.kr/companies/256051/reviews/은빛커머스,은빛커머스
https://www.jobplanet.co.kr/companies/355254/reviews/엠엠엠디,㈜엠엠엠디
https://www.jobplanet.co.kr/companies/341616/reviews/메르드글라스,메르드글라스
https://www.jobplanet.co.kr/companies/2711/reviews/한마음아이티,한마음아이티㈜
https://www.jobplanet.co.kr/companies/365898/reviews/시가팩토리,시가팩토리
https://www.jobplanet.co.kr/companies/198718/reviews/아주레포츠,아주레포츠
https://www.jobplanet.co.kr/companies/20680/reviews/에스제이컴퍼니,에스제이컴퍼니
https://www.jobplanet.co.kr/companies/257500/reviews/코린토,코린토
https://www.jobplanet.co.kr/companies/65170/reviews/에이앤케이컴퍼니,에이앤케이컴퍼니
https://www.jobplanet.co.kr/companies/84373/reviews/꽃피는아침마을,꽃피는아침마을
https://www.jobplanet.co.kr/companies/60632/reviews/위메프,위메프
https://www.jobplanet.co.kr/companies/383397/reviews/스포츠조선헬스앤드라이프케어,스포츠조선헬스앤드라이프케어
https://www.jobplanet.co.kr/companies/52809/reviews/코스니크,코스니크
https://www.jobplanet.co.kr/companies/288233/reviews/카시드,카시드
https://www.jobplanet.co.kr/companies/245252/reviews/비앤씨인터내셔널,비앤씨인터내셔널
https://www.jobplanet.co.kr/companies/311405/reviews/밸루어,밸루어
https://www.jobplanet.co.kr/companies/128580/reviews/드럼코리아,드럼코리아
https://www.jobplanet.co.kr/companies/351759/reviews/대즐링주얼,대즐링주얼
https://www.jobplanet.co.kr/companies/143257/reviews/피오나컴퍼니,피오나컴퍼니
https://www.jobplanet.co.kr/companies/382624/reviews/테드스토리,테드스토리
https://www.jobplanet.co.kr/companies/35441/reviews/리얼코코,리얼코코
https://www.jobplanet.co.kr/companies/126807/reviews/조아기프트,조아기프트
https://www.jobplanet.co.kr/companies/339915/reviews/에이치엔씨엔,에이치엔씨엔
https://www.jobplanet.co.kr/companies/322500/reviews/로고스토리,로고스토리
https://www.jobplanet.co.kr/companies/366238/reviews/유엔아이즈,유엔아이즈
https://www.jobplanet.co.kr/companies/368851/reviews/베니토,베니토
https://www.jobplanet.co.kr/companies/252468/reviews/아이오칸,아이오칸
https://www.jobplanet.co.kr/companies/340530/reviews/더캐슬,더캐슬
https://www.jobplanet.co.kr/companies/89951/reviews/컴퓨존,㈜컴퓨존
https://www.jobplanet.co.kr/companies/90591/reviews/나비엠알오,나비엠알오
https://www.jobplanet.co.kr/companies/180455/reviews/필랜드,필랜드
https://www.jobplanet.co.kr/companies/351038/reviews/일상의친구,일상의친구
https://www.jobplanet.co.kr/companies/350998/reviews/어도어럭스,어도어럭스
https://www.jobplanet.co.kr/companies/62664/reviews/글로벌비전,㈜글로벌비전
https://www.jobplanet.co.kr/companies/187163/reviews/풋스마트,풋스마트
https://www.jobplanet.co.kr/companies/359514/reviews/와이에스인터네셔널,와이에스인터네셔널
https://www.jobplanet.co.kr/companies/355574/reviews/엔디자인,엔디자인
https://www.jobplanet.co.kr/companies/325265/reviews/아이오앤코코리아,아이오앤코코리아
https://www.jobplanet.co.kr/companies/339777/reviews/워너쉬,워너쉬
https://www.jobplanet.co.kr/companies/195093/reviews/호수의나라수오미,호수의나라수오미
https://www.jobplanet.co.kr/companies/122255/reviews/육육걸즈,육육걸즈
https://www.jobplanet.co.kr/companies/356130/reviews/프렐코퍼레이션,프렐코퍼레이션
https://www.jobplanet.co.kr/companies/371548/reviews/더블케이트레이드,더블케이트레이드
https://www.jobplanet.co.kr/companies/76543/reviews/미아마스빈,미아마스빈
https://www.jobplanet.co.kr/companies/378879/reviews/창앤롤,㈜창앤롤
https://www.jobplanet.co.kr/companies/356021/reviews/미니아트,미니아트
https://www.jobplanet.co.kr/companies/348448/reviews/이유비즈글로벌,이유비즈글로벌
https://www.jobplanet.co.kr/companies/402105/reviews/한국디티에스,한국디티에스
https://www.jobplanet.co.kr/companies/245929/reviews/쇼마젠시,쇼마젠시
https://www.jobplanet.co.kr/companies/341043/reviews/까꿍놀이터,까꿍놀이터
https://www.jobplanet.co.kr/companies/305886/reviews/오보소,오보소
https://www.jobplanet.co.kr/companies/5765/reviews/토종마을,토종마을
https://www.jobplanet.co.kr/companies/354420/reviews/바이크맥스,바이크맥스
https://www.jobplanet.co.kr/companies/289189/reviews/인텍유나이티드,인텍유나이티드
https://www.jobplanet.co.kr/companies/387187/reviews/엑스넬스코리아,엑스넬스코리아
https://www.jobplanet.co.kr/companies/417634/reviews/신바람트레이딩,신바람트레이딩
https://www.jobplanet.co.kr/companies/353237/reviews/홈니즈,홈니즈
https://www.jobplanet.co.kr/companies/208030/reviews/하이유로,하이유로
https://www.jobplanet.co.kr/companies/50421/reviews/판도라피아,판도라피아
https://www.jobplanet.co.kr/companies/258185/reviews/에이치커머스,에이치커머스
https://www.jobplanet.co.kr/companies/343847/reviews/마이바니,마이바니
https://www.jobplanet.co.kr/companies/117732/reviews/루루골드,루루골드
https://www.jobplanet.co.kr/companies/70801/reviews/스카이웨어,스카이웨어
https://www.jobplanet.co.kr/companies/324110/reviews/로이체,로이체
https://www.jobplanet.co.kr/companies/112239/reviews/킹스랜드,킹스랜드
https://www.jobplanet.co.kr/companies/325039/reviews/클래식패브릭,클래식패브릭
https://www.jobplanet.co.kr/companies/354958/reviews/천하지엘씨,천하지엘씨
https://www.jobplanet.co.kr/companies/130535/reviews/드림코스메틱,드림코스메틱
https://www.jobplanet.co.kr/companies/334819/reviews/로로텐,로로텐
https://www.jobplanet.co.kr/companies/340687/reviews/인케이텍,인케이텍
https://www.jobplanet.co.kr/companies/372945/reviews/톨스토리,톨스토리
https://www.jobplanet.co.kr/companies/59743/reviews/유일코스,유일코스
https://www.jobplanet.co.kr/companies/351145/reviews/픽스몰,픽스몰
https://www.jobplanet.co.kr/companies/242951/reviews/얀트리,얀트리
https://www.jobplanet.co.kr/companies/373585/reviews/아이엠21,아이엠21
https://www.jobplanet.co.kr/companies/235738/reviews/스코피,스코피
https://www.jobplanet.co.kr/companies/307266/reviews/예건에프앤씨,예건에프앤씨
https://www.jobplanet.co.kr/companies/79454/reviews/디지털포토,디지털포토
https://www.jobplanet.co.kr/companies/279773/reviews/우영커뮤니케이션,우영커뮤니케이션
https://www.jobplanet.co.kr/companies/352638/reviews/패션지오,패션지오
https://www.jobplanet.co.kr/companies/326861/reviews/레몬트리커뮤니케이션,레몬트리커뮤니케이션
https://www.jobplanet.co.kr/companies/182171/reviews/코노바코리아,코노바코리아
https://www.jobplanet.co.kr/companies/356274/reviews/체리퍼플,㈜체리퍼플
https://www.jobplanet.co.kr/companies/175400/reviews/케이티엔티인터내쇼날,케이티엔티인터내쇼날
https://www.jobplanet.co.kr/companies/333872/reviews/꿈꾸는이웃,꿈꾸는이웃
https://www.jobplanet.co.kr/companies/63565/reviews/엠앤지어패럴,엠앤지어패럴
https://www.jobplanet.co.kr/companies/7315/reviews/코리아이플랫폼,코리아이플랫폼(주)
https://www.jobplanet.co.kr/companies/218141/reviews/인터데코,인터데코
https://www.jobplanet.co.kr/companies/64918/reviews/오너클랜,오너클랜
https://www.jobplanet.co.kr/companies/355637/reviews/씨에프네트웍스,씨에프네트웍스
https://www.jobplanet.co.kr/companies/217018/reviews/케이앤씨텍,케이앤씨텍
https://www.jobplanet.co.kr/companies/296538/reviews/업큐브,업큐브
https://www.jobplanet.co.kr/companies/191999/reviews/아이교육,아이교육
https://www.jobplanet.co.kr/companies/319611/reviews/폰친구몰,폰친구몰
https://www.jobplanet.co.kr/companies/274016/reviews/톰앤래빗,톰앤래빗
https://www.jobplanet.co.kr/companies/420299/reviews/에이치와이홀딩스,에이치와이홀딩스
https://www.jobplanet.co.kr/companies/67063/reviews/알라딘커뮤니케이션,㈜알라딘커뮤니케이션
https://www.jobplanet.co.kr/companies/318162/reviews/팰러스,팰러스
https://www.jobplanet.co.kr/companies/332280/reviews/서정코리아,서정코리아
https://www.jobplanet.co.kr/companies/144650/reviews/네오베이직,네오베이직
https://www.jobplanet.co.kr/companies/322392/reviews/시그마네트웍스,시그마네트웍스
https://www.jobplanet.co.kr/companies/340861/reviews/올랜즈,올랜즈
https://www.jobplanet.co.kr/companies/323020/reviews/비엠스타일,비엠스타일
https://www.jobplanet.co.kr/companies/123257/reviews/뉴이십일커뮤니티,뉴이십일커뮤니티
https://www.jobplanet.co.kr/companies/308865/reviews/티쿤글로벌,티쿤글로벌
https://www.jobplanet.co.kr/companies/315909/reviews/패션포유,패션포유
https://www.jobplanet.co.kr/companies/90171/reviews/스마트인피니,스마트인피니
https://www.jobplanet.co.kr/companies/127703/reviews/제이케이인터내셔널,제이케이인터내셔널
https://www.jobplanet.co.kr/companies/233673/reviews/엘디네트웍스,㈜엘디네트웍스
https://www.jobplanet.co.kr/companies/259373/reviews/엘지에스,엘지에스
https://www.jobplanet.co.kr/companies/90299/reviews/소프시스,소프시스
https://www.jobplanet.co.kr/companies/398810/reviews/제이피플,제이피플
https://www.jobplanet.co.kr/companies/322400/reviews/데일리먼데이,데일리먼데이
https://www.jobplanet.co.kr/companies/357956/reviews/아이르,아이르
https://www.jobplanet.co.kr/companies/187081/reviews/디카팩,디카팩
https://www.jobplanet.co.kr/companies/90269/reviews/인앤인코스메틱,인앤인코스메틱
https://www.jobplanet.co.kr/companies/19193/reviews/엠투엠글로벌,엠투엠글로벌㈜
https://www.jobplanet.co.kr/companies/312719/reviews/테스트굿,테스트굿
https://www.jobplanet.co.kr/companies/239308/reviews/유니온풀스,유니온풀스
https://www.jobplanet.co.kr/companies/354699/reviews/아임커머스,아임커머스
https://www.jobplanet.co.kr/companies/69257/reviews/쓰리탑,쓰리탑
https://www.jobplanet.co.kr/companies/213788/reviews/지아이엘,지아이엘
https://www.jobplanet.co.kr/companies/75770/reviews/베인스,베인스
https://www.jobplanet.co.kr/companies/318436/reviews/골드플레이트,골드플레이트
https://www.jobplanet.co.kr/companies/373598/reviews/하진,하진
https://www.jobplanet.co.kr/companies/184260/reviews/좋은꿈마케팅,좋은꿈마케팅
https://www.jobplanet.co.kr/companies/366834/reviews/굿메이커스,굿메이커스
https://www.jobplanet.co.kr/companies/94092/reviews/에브리데이해피,에브리데이해피
https://www.jobplanet.co.kr/companies/343621/reviews/브랜뉴인터내셔널,브랜뉴인터내셔널
https://www.jobplanet.co.kr/companies/274617/reviews/하얀달,하얀달
https://www.jobplanet.co.kr/companies/342322/reviews/버즈아트,버즈아트
https://www.jobplanet.co.kr/companies/248384/reviews/썸타임,썸타임
https://www.jobplanet.co.kr/companies/175172/reviews/멀티사운드,멀티사운드
https://www.jobplanet.co.kr/companies/25875/reviews/송월타올수건이야기,송월타올수건이야기
https://www.jobplanet.co.kr/companies/320437/reviews/맘스토리,맘스토리
https://www.jobplanet.co.kr/companies/5461/reviews/티오엠,티오엠
https://www.jobplanet.co.kr/companies/324408/reviews/프리미어오브제,프리미어오브제
https://www.jobplanet.co.kr/companies/206661/reviews/다노트정보,다노트정보
https://www.jobplanet.co.kr/companies/334256/reviews/이스트나인,이스트나인
https://www.jobplanet.co.kr/companies/70335/reviews/시장닷컴,시장닷컴
https://www.jobplanet.co.kr/companies/47039/reviews/휴렙,휴렙
https://www.jobplanet.co.kr/companies/282417/reviews/행복인,행복인
https://www.jobplanet.co.kr/companies/353976/reviews/예찬씨앤에스,예찬씨앤에스
https://www.jobplanet.co.kr/companies/28783/reviews/샵피온,샵피온
https://www.jobplanet.co.kr/companies/399798/reviews/씨앤씨모바일,씨앤씨모바일
https://www.jobplanet.co.kr/companies/421433/reviews/써패스,㈜써패스
https://www.jobplanet.co.kr/companies/311918/reviews/바이투코리아,바이투코리아
https://www.jobplanet.co.kr/companies/322706/reviews/태로코퍼레이션,태로코퍼레이션
https://www.jobplanet.co.kr/companies/90529/reviews/비기닝리테일,비기닝리테일
https://www.jobplanet.co.kr/companies/150991/reviews/스마트플라워,스마트플라워
https://www.jobplanet.co.kr/companies/269136/reviews/인컴씨앤씨,인컴씨앤씨
https://www.jobplanet.co.kr/companies/74363/reviews/비케이커머스,비케이커머스
https://www.jobplanet.co.kr/companies/352683/reviews/톰어패럴,톰어패럴
https://www.jobplanet.co.kr/companies/153394/reviews/한케어,한케어
https://www.jobplanet.co.kr/companies/324893/reviews/아이앤아이,아이앤아이
https://www.jobplanet.co.kr/companies/319993/reviews/체르엠,체르엠
https://www.jobplanet.co.kr/companies/394136/reviews/제이에스헤럴드나인,제이에스헤럴드나인
https://www.jobplanet.co.kr/companies/55420/reviews/지앤지커머스,(주)지앤지커머스
https://www.jobplanet.co.kr/companies/356210/reviews/보그스타일,보그스타일
https://www.jobplanet.co.kr/companies/348848/reviews/에이치알엘,에이치알엘
https://www.jobplanet.co.kr/companies/390164/reviews/푸른언덕,푸른언덕
https://www.jobplanet.co.kr/companies/368150/reviews/엠케이아이엔티,엠케이아이엔티
https://www.jobplanet.co.kr/companies/361050/reviews/웨스트프롬,웨스트프롬
https://www.jobplanet.co.kr/companies/374232/reviews/엘에스컴퍼니,엘에스컴퍼니
https://www.jobplanet.co.kr/companies/267298/reviews/삼주케이알,삼주케이알
https://www.jobplanet.co.kr/companies/249127/reviews/룸페커,룸페커
https://www.jobplanet.co.kr/companies/81357/reviews/더필,더필
https://www.jobplanet.co.kr/companies/394852/reviews/행복누리,행복누리
https://www.jobplanet.co.kr/companies/99116/reviews/푸드나무,㈜푸드나무
https://www.jobplanet.co.kr/companies/93342/reviews/소풍,소풍
https://www.jobplanet.co.kr/companies/326912/reviews/램프랜드,램프랜드
https://www.jobplanet.co.kr/companies/292361/reviews/코스비,코스비
https://www.jobplanet.co.kr/companies/329711/reviews/아이에스케이,아이에스케이
https://www.jobplanet.co.kr/companies/328819/reviews/에스제이에프앤씨,에스제이에프앤씨
https://www.jobplanet.co.kr/companies/358378/reviews/피터팬랩,㈜피터팬랩
https://www.jobplanet.co.kr/companies/394512/reviews/에이블에이치,에이블에이치
https://www.jobplanet.co.kr/companies/79339/reviews/딘트,㈜딘트
https://www.jobplanet.co.kr/companies/380452/reviews/구템즈,구템즈
https://www.jobplanet.co.kr/companies/337347/reviews/브랜즈홀딩스,브랜즈홀딩스
https://www.jobplanet.co.kr/companies/372019/reviews/미스캔디,미스캔디
https://www.jobplanet.co.kr/companies/13851/reviews/이에이치라인,이에이치라인
https://www.jobplanet.co.kr/companies/55669/reviews/즐팡,즐팡
https://www.jobplanet.co.kr/companies/404184/reviews/위드앤,위드앤
https://www.jobplanet.co.kr/companies/189475/reviews/에스이랜드,(주)에스이랜드
https://www.jobplanet.co.kr/companies/292095/reviews/에스와이씨앤아이,에스와이씨앤아이
https://www.jobplanet.co.kr/companies/402614/reviews/오빌,㈜오빌
https://www.jobplanet.co.kr/companies/349550/reviews/이루자,이루자
https://www.jobplanet.co.kr/companies/87000/reviews/리퍼스,리퍼스
https://www.jobplanet.co.kr/companies/356632/reviews/조이컴퍼니,조이컴퍼니
https://www.jobplanet.co.kr/companies/344847/reviews/안나앤블루,㈜안나앤블루
https://www.jobplanet.co.kr/companies/68784/reviews/씨제이디푸드시스템,씨제이디푸드시스템
https://www.jobplanet.co.kr/companies/169622/reviews/제이엔씨코리아,제이엔씨코리아
https://www.jobplanet.co.kr/companies/338140/reviews/마루이,마루이
https://www.jobplanet.co.kr/companies/348812/reviews/지엔케이,지엔케이
https://www.jobplanet.co.kr/companies/372278/reviews/그래고,그래고
https://www.jobplanet.co.kr/companies/148462/reviews/야미넷,야미넷
https://www.jobplanet.co.kr/companies/343815/reviews/레이먼,레이먼
https://www.jobplanet.co.kr/companies/314883/reviews/달곰이,달곰이
https://www.jobplanet.co.kr/companies/7271/reviews/코마테크,코마테크
https://www.jobplanet.co.kr/companies/406828/reviews/크레이지11,크레이지11
https://www.jobplanet.co.kr/companies/87433/reviews/패션플러스,패션플러스
https://www.jobplanet.co.kr/companies/233163/reviews/에이케이유통,에이케이유통
https://www.jobplanet.co.kr/companies/59195/reviews/무신사트레이딩,㈜무신사트레이딩
https://www.jobplanet.co.kr/companies/197845/reviews/아이원홈테크,(주)아이원홈테크
https://www.jobplanet.co.kr/companies/186463/reviews/지아유통,지아유통
https://www.jobplanet.co.kr/companies/279543/reviews/농업회사법인예과,농업회사법인예과
https://www.jobplanet.co.kr/companies/357197/reviews/세컨드컨테이너,세컨드컨테이너
https://www.jobplanet.co.kr/companies/11499/reviews/제이엠어패럴,제이엠어패럴
https://www.jobplanet.co.kr/companies/173176/reviews/세기아이엔씨,세기아이엔씨
https://www.jobplanet.co.kr/companies/341461/reviews/오피네트웍스,오피네트웍스
https://www.jobplanet.co.kr/companies/261821/reviews/동성이엔지앤디자인,동성이엔지앤디자인
https://www.jobplanet.co.kr/companies/324075/reviews/아워그룹,아워그룹
https://www.jobplanet.co.kr/companies/87215/reviews/엠서클,엠서클
https://www.jobplanet.co.kr/companies/326330/reviews/비엘스튜디오,㈜비엘스튜디오
https://www.jobplanet.co.kr/companies/41545/reviews/농업회사법인참살이,농업회사법인참살이
https://www.jobplanet.co.kr/companies/146250/reviews/웅진기계,웅진기계
https://www.jobplanet.co.kr/companies/347848/reviews/베이비프리즘,베이비프리즘
https://www.jobplanet.co.kr/companies/327991/reviews/링크샵스,링크샵스
https://www.jobplanet.co.kr/companies/313288/reviews/오토위니,오토위니
https://www.jobplanet.co.kr/companies/95855/reviews/헬로네이처,헬로네이처
https://www.jobplanet.co.kr/companies/49498/reviews/피앤케이코리아,피앤케이코리아
https://www.jobplanet.co.kr/companies/323580/reviews/윙잇,(주)윙잇
https://www.jobplanet.co.kr/companies/335873/reviews/골마켓,골마켓㈜
https://www.jobplanet.co.kr/companies/63654/reviews/엠씨마르니,엠씨마르니
https://www.jobplanet.co.kr/companies/353816/reviews/렌팡,렌팡
https://www.jobplanet.co.kr/companies/141817/reviews/배드민턴마켓,배드민턴마켓
https://www.jobplanet.co.kr/companies/410941/reviews/맥스플라워,맥스플라워
https://www.jobplanet.co.kr/companies/347171/reviews/엠엑스엔커머스코리아,엠엑스엔커머스코리아
https://www.jobplanet.co.kr/companies/358343/reviews/조율컴퍼니,조율컴퍼니
https://www.jobplanet.co.kr/companies/225959/reviews/다우에프엔디,다우에프엔디
https://www.jobplanet.co.kr/companies/58020/reviews/인스킨,인스킨
https://www.jobplanet.co.kr/companies/79384/reviews/디큐베이터,디큐베이터
https://www.jobplanet.co.kr/companies/316151/reviews/자야,자야
https://www.jobplanet.co.kr/companies/312292/reviews/와이투북스,와이투북스
https://www.jobplanet.co.kr/companies/173061/reviews/메이크업카,메이크업카
https://www.jobplanet.co.kr/companies/31085/reviews/비에스코리아,비에스코리아
https://www.jobplanet.co.kr/companies/327654/reviews/디자인아지트,디자인아지트
https://www.jobplanet.co.kr/companies/316289/reviews/메디앤케어,메디앤케어
https://www.jobplanet.co.kr/companies/148052/reviews/티씨에이코리아,티씨에이코리아
https://www.jobplanet.co.kr/companies/77877/reviews/매스티지데코,매스티지데코
https://www.jobplanet.co.kr/companies/272676/reviews/쏭바이쏭,쏭바이쏭
https://www.jobplanet.co.kr/companies/363868/reviews/아이파크존,아이파크존
https://www.jobplanet.co.kr/companies/294037/reviews/비티지,비티지(주)
https://www.jobplanet.co.kr/companies/222238/reviews/이든아이,이든아이
https://www.jobplanet.co.kr/companies/37517/reviews/동양유통,동양유통
https://www.jobplanet.co.kr/companies/312910/reviews/프렌트립,(주)프렌트립
https://www.jobplanet.co.kr/companies/269199/reviews/한밭물류,한밭물류
https://www.jobplanet.co.kr/companies/133335/reviews/스포탑,스포탑
https://www.jobplanet.co.kr/companies/322308/reviews/조군,조군
https://www.jobplanet.co.kr/companies/358660/reviews/찬스월드,㈜찬스월드
https://www.jobplanet.co.kr/companies/319892/reviews/지니웍스,㈜지니웍스
https://www.jobplanet.co.kr/companies/335221/reviews/광개토쇼핑,광개토쇼핑
https://www.jobplanet.co.kr/companies/47757/reviews/행복을파는사람들,행복을파는사람들
https://www.jobplanet.co.kr/companies/218711/reviews/엘앤텍,엘앤텍
https://www.jobplanet.co.kr/companies/92961/reviews/윈큐브마케팅,윈큐브마케팅
https://www.jobplanet.co.kr/companies/372703/reviews/에스에이코리아,에스에이코리아
https://www.jobplanet.co.kr/companies/270794/reviews/네티웰,㈜네티웰
https://www.jobplanet.co.kr/companies/411159/reviews/티엔에프코퍼레이션,티엔에프코퍼레이션
https://www.jobplanet.co.kr/companies/360193/reviews/파티팡,파티팡
https://www.jobplanet.co.kr/companies/156283/reviews/인포타운,인포타운
https://www.jobplanet.co.kr/companies/324105/reviews/코코수,코코수
https://www.jobplanet.co.kr/companies/212870/reviews/은광사,은광사
https://www.jobplanet.co.kr/companies/138144/reviews/모노뱅크,모노뱅크
https://www.jobplanet.co.kr/companies/327818/reviews/탑보이,㈜탑보이
https://www.jobplanet.co.kr/companies/117968/reviews/이비즈타운,이비즈타운
https://www.jobplanet.co.kr/companies/237871/reviews/진수,진수
https://www.jobplanet.co.kr/companies/61622/reviews/우리소프트,우리소프트
https://www.jobplanet.co.kr/companies/265343/reviews/라이온그룹코리아,라이온그룹코리아
https://www.jobplanet.co.kr/companies/355601/reviews/오드와,오드와
https://www.jobplanet.co.kr/companies/84165/reviews/나비소프트,나비소프트
https://www.jobplanet.co.kr/companies/347971/reviews/좋은옷하우스,좋은옷하우스
https://www.jobplanet.co.kr/companies/70736/reviews/스타일줌,㈜스타일줌
https://www.jobplanet.co.kr/companies/76692/reviews/미래조명,미래조명
https://www.jobplanet.co.kr/companies/175292/reviews/백제소프트,백제소프트
https://www.jobplanet.co.kr/companies/138974/reviews/퓨쳐테크닉,퓨쳐테크닉
https://www.jobplanet.co.kr/companies/138263/reviews/유엠,유엠
https://www.jobplanet.co.kr/companies/315028/reviews/올애즈컴퍼니,올애즈컴퍼니
https://www.jobplanet.co.kr/companies/258042/reviews/아우라넷,아우라넷
https://www.jobplanet.co.kr/companies/290189/reviews/라이펀,라이펀
https://www.jobplanet.co.kr/companies/310840/reviews/제티스인터내셔널,제티스인터내셔널
https://www.jobplanet.co.kr/companies/332126/reviews/보니애가구,보니애가구
https://www.jobplanet.co.kr/companies/96943/reviews/머스트잇,㈜머스트잇
https://www.jobplanet.co.kr/companies/276761/reviews/에스앤에프,에스앤에프
https://www.jobplanet.co.kr/companies/114053/reviews/마이피씨샵,마이피씨샵
https://www.jobplanet.co.kr/companies/61440/reviews/우신뷰티,우신뷰티
https://www.jobplanet.co.kr/companies/94004/reviews/오름,오름
https://www.jobplanet.co.kr/companies/389040/reviews/스카이패션,스카이패션
https://www.jobplanet.co.kr/companies/152135/reviews/이룸코리아,이룸코리아
https://www.jobplanet.co.kr/companies/49903/reviews/푸른친구들,푸른친구들
https://www.jobplanet.co.kr/companies/311135/reviews/뷰티피플인터내셔널,뷰티피플인터내셔널
https://www.jobplanet.co.kr/companies/100249/reviews/핑키밍키,㈜핑키밍키
https://www.jobplanet.co.kr/companies/385303/reviews/인더룸,인더룸
https://www.jobplanet.co.kr/companies/354005/reviews/메가트레이드,메가트레이드
https://www.jobplanet.co.kr/companies/60296/reviews/유니온아일랜드,유니온아일랜드
https://www.jobplanet.co.kr/companies/403499/reviews/철물마트,철물마트
https://www.jobplanet.co.kr/companies/172839/reviews/씨너지아이앤티,(주)씨너지아이앤티
https://www.jobplanet.co.kr/companies/312144/reviews/메이비원,메이비원
https://www.jobplanet.co.kr/companies/293188/reviews/아프로만,아프로만
https://www.jobplanet.co.kr/companies/327720/reviews/폰폼,폰폼
https://www.jobplanet.co.kr/companies/221001/reviews/소니언컴퍼니,소니언컴퍼니
https://www.jobplanet.co.kr/companies/330734/reviews/더메이,더메이
https://www.jobplanet.co.kr/companies/338941/reviews/원에잇,원에잇
https://www.jobplanet.co.kr/companies/316115/reviews/마립,마립
https://www.jobplanet.co.kr/companies/251538/reviews/레몬트리커머스,레몬트리커머스
https://www.jobplanet.co.kr/companies/391702/reviews/리빙앤유,리빙앤유
https://www.jobplanet.co.kr/companies/357651/reviews/렛츠커머스,렛츠커머스
https://www.jobplanet.co.kr/companies/105473/reviews/천마하나로,천마하나로
https://www.jobplanet.co.kr/companies/330290/reviews/별다섯,별다섯
https://www.jobplanet.co.kr/companies/247146/reviews/체리코코,체리코코
https://www.jobplanet.co.kr/companies/341164/reviews/에스디몰,에스디몰
https://www.jobplanet.co.kr/companies/285119/reviews/포스비브테크,포스비브테크
https://www.jobplanet.co.kr/companies/313286/reviews/알로코리아,알로코리아
https://www.jobplanet.co.kr/companies/333331/reviews/글로리스,글로리스㈜
https://www.jobplanet.co.kr/companies/224612/reviews/인포벨,㈜인포벨
https://www.jobplanet.co.kr/companies/351258/reviews/핏나인코리아,핏나인코리아
https://www.jobplanet.co.kr/companies/375946/reviews/엔에이치엔씨에스,엔에이치엔씨에스
https://www.jobplanet.co.kr/companies/325567/reviews/태양에스엠,태양에스엠
https://www.jobplanet.co.kr/companies/255086/reviews/천홍,천홍
https://www.jobplanet.co.kr/companies/366212/reviews/한국표준거래소,한국표준거래소
https://www.jobplanet.co.kr/companies/92884/reviews/하이몰,하이몰
https://www.jobplanet.co.kr/companies/322329/reviews/한창인터내셔날,한창인터내셔날
https://www.jobplanet.co.kr/companies/359195/reviews/리엄,리엄
https://www.jobplanet.co.kr/companies/160081/reviews/웰포유,웰포유
https://www.jobplanet.co.kr/companies/52095/reviews/타마비즈,타마비즈
https://www.jobplanet.co.kr/companies/339482/reviews/대경퍼시픽,대경퍼시픽
https://www.jobplanet.co.kr/companies/370628/reviews/타이탄코리아,타이탄코리아
https://www.jobplanet.co.kr/companies/276671/reviews/이디라임,이디라임
https://www.jobplanet.co.kr/companies/34665/reviews/메이크업아이,메이크업아이(주)
https://www.jobplanet.co.kr/companies/56428/reviews/제이오진,제이오진
https://www.jobplanet.co.kr/companies/359526/reviews/아토즈웍스,아토즈웍스
https://www.jobplanet.co.kr/companies/199215/reviews/홍진포장,홍진포장
https://www.jobplanet.co.kr/companies/328872/reviews/굿모닝비엔에프,굿모닝비엔에프
https://www.jobplanet.co.kr/companies/135754/reviews/유니토아,㈜유니토아
https://www.jobplanet.co.kr/companies/268866/reviews/다난기술,다난기술
https://www.jobplanet.co.kr/companies/353021/reviews/쿠키베베,쿠키베베
https://www.jobplanet.co.kr/companies/346598/reviews/씨엠아이파트너스,씨엠아이파트너스
https://www.jobplanet.co.kr/companies/330117/reviews/에이든,에이든
https://www.jobplanet.co.kr/companies/343963/reviews/온오프마켓,온오프마켓
https://www.jobplanet.co.kr/companies/373220/reviews/프리메이드,프리메이드
https://www.jobplanet.co.kr/companies/12806/reviews/일신테크,일신테크
https://www.jobplanet.co.kr/companies/162272/reviews/매트프라자,매트프라자
https://www.jobplanet.co.kr/companies/196111/reviews/상상이상,상상이상
https://www.jobplanet.co.kr/companies/336162/reviews/스타일수,스타일수
https://www.jobplanet.co.kr/companies/294060/reviews/쿠키씨엔씨,쿠키씨엔씨
https://www.jobplanet.co.kr/companies/211123/reviews/패션하우스,패션하우스
https://www.jobplanet.co.kr/companies/106894/reviews/진성디브이,진성디브이
https://www.jobplanet.co.kr/companies/334323/reviews/세텍코리아,세텍코리아
https://www.jobplanet.co.kr/companies/255733/reviews/블루박스인터네셔날,블루박스인터네셔날
https://www.jobplanet.co.kr/companies/313417/reviews/비에프커머스,비에프커머스
https://www.jobplanet.co.kr/companies/325941/reviews/조이젠,조이젠
https://www.jobplanet.co.kr/companies/321358/reviews/라미야코리아,라미야코리아
https://www.jobplanet.co.kr/companies/327287/reviews/티디에스네트워크,티디에스네트워크
https://www.jobplanet.co.kr/companies/312219/reviews/반코어코리아,반코어코리아
https://www.jobplanet.co.kr/companies/361748/reviews/버진로드,버진로드
https://www.jobplanet.co.kr/companies/349037/reviews/와이케이더블유,와이케이더블유
https://www.jobplanet.co.kr/companies/100751/reviews/아이엑스,아이엑스
https://www.jobplanet.co.kr/companies/322324/reviews/바이저머니,바이저머니
https://www.jobplanet.co.kr/companies/55652/reviews/지기젠,지기젠
https://www.jobplanet.co.kr/companies/375071/reviews/비아인터내셔날,비아인터내셔날
https://www.jobplanet.co.kr/companies/262193/reviews/씨앤몰,씨앤몰
https://www.jobplanet.co.kr/companies/337778/reviews/동인커머스,동인커머스
https://www.jobplanet.co.kr/companies/69532/reviews/싸이버스카이,㈜싸이버스카이
https://www.jobplanet.co.kr/companies/206231/reviews/위드프렌즈,위드프렌즈
https://www.jobplanet.co.kr/companies/134205/reviews/엠솔디에이치,엠솔디에이치
https://www.jobplanet.co.kr/companies/118770/reviews/씨피코리아,씨피코리아
https://www.jobplanet.co.kr/companies/407038/reviews/오박사닷컴,오박사닷컴
https://www.jobplanet.co.kr/companies/149689/reviews/아이엠알,아이엠알
https://www.jobplanet.co.kr/companies/96169/reviews/셀코,셀코
https://www.jobplanet.co.kr/companies/57745/reviews/인포러스,인포러스
https://www.jobplanet.co.kr/companies/78077/reviews/마이미즈,마이미즈
https://www.jobplanet.co.kr/companies/340806/reviews/웰브릿지,웰브릿지
https://www.jobplanet.co.kr/companies/347870/reviews/동방유래,동방유래
https://www.jobplanet.co.kr/companies/242975/reviews/케이에이그로발,케이에이그로발
https://www.jobplanet.co.kr/companies/89394/reviews/번개장터,번개장터
https://www.jobplanet.co.kr/companies/56695/reviews/제이비스타,제이비스타
https://www.jobplanet.co.kr/companies/325803/reviews/엔제이컴퍼니,㈜엔제이컴퍼니
https://www.jobplanet.co.kr/companies/102918/reviews/주연홈쇼핑,㈜주연홈쇼핑
https://www.jobplanet.co.kr/companies/315914/reviews/콜핑아이씨티,콜핑아이씨티
https://www.jobplanet.co.kr/companies/119766/reviews/무아스,㈜무아스
https://www.jobplanet.co.kr/companies/317353/reviews/식탁이있는삶,식탁이있는삶
https://www.jobplanet.co.kr/companies/199325/reviews/에이엠에이치컴퍼니,에이엠에이치컴퍼니
https://www.jobplanet.co.kr/companies/324138/reviews/나는예쁘다,㈜나는예쁘다
https://www.jobplanet.co.kr/companies/352277/reviews/미나클,미나클
https://www.jobplanet.co.kr/companies/60632/reviews/위메프,㈜위메프
https://www.jobplanet.co.kr/companies/44977/reviews/공주방,㈜공주방
https://www.jobplanet.co.kr/companies/257922/reviews/에스제이피글로벌,에스제이피글로벌
https://www.jobplanet.co.kr/companies/275568/reviews/뉴셀파마코리아,뉴셀파마코리아㈜
https://www.jobplanet.co.kr/companies/322468/reviews/요즘에,요즘에
https://www.jobplanet.co.kr/companies/222002/reviews/야놀자엠앤디,㈜야놀자엠앤디
https://www.jobplanet.co.kr/companies/48181/reviews/한아아이앤티,한아아이앤티
https://www.jobplanet.co.kr/companies/67295/reviews/아쿠아솔루션,아쿠아솔루션
https://www.jobplanet.co.kr/companies/180429/reviews/프라임에스앤에이치,프라임에스앤에이치
https://www.jobplanet.co.kr/companies/391204/reviews/올케이스,올케이스
https://www.jobplanet.co.kr/companies/212595/reviews/에이치디아이엔씨,에이치디아이엔씨
https://www.jobplanet.co.kr/companies/328681/reviews/블랙벅,블랙벅
https://www.jobplanet.co.kr/companies/364326/reviews/스피드썬,스피드썬
https://www.jobplanet.co.kr/companies/334108/reviews/성실판촉,성실판촉
https://www.jobplanet.co.kr/companies/210510/reviews/이엠케이,이엠케이
https://www.jobplanet.co.kr/companies/379824/reviews/프렌즈마켓,프렌즈마켓
https://www.jobplanet.co.kr/companies/386096/reviews/패션풀,패션풀
https://www.jobplanet.co.kr/companies/319514/reviews/디자인코코,디자인코코
https://www.jobplanet.co.kr/companies/12634/reviews/잇츠유어스,잇츠유어스
https://www.jobplanet.co.kr/companies/160909/reviews/제이웨이브,제이웨이브
https://www.jobplanet.co.kr/companies/335226/reviews/컴온탑,컴온탑
https://www.jobplanet.co.kr/companies/279646/reviews/지에이엠,지에이엠
https://www.jobplanet.co.kr/companies/270624/reviews/강일리테일,강일리테일
https://www.jobplanet.co.kr/companies/346675/reviews/내셔널비,내셔널비
https://www.jobplanet.co.kr/companies/313488/reviews/몬스터앤컴퍼니,몬스터앤컴퍼니
https://www.jobplanet.co.kr/companies/164434/reviews/다크빅토리,다크빅토리
https://www.jobplanet.co.kr/companies/95168/reviews/인터커머스코리아,인터커머스코리아
https://www.jobplanet.co.kr/companies/7894/reviews/커머스플러스,커머스플러스
https://www.jobplanet.co.kr/companies/206730/reviews/이트레이드플러스,이트레이드플러스
https://www.jobplanet.co.kr/companies/411853/reviews/유스랩,유스랩
https://www.jobplanet.co.kr/companies/196112/reviews/스타넷,스타넷
https://www.jobplanet.co.kr/companies/34706/reviews/메르디앙코스텍,메르디앙코스텍
https://www.jobplanet.co.kr/companies/276730/reviews/산과들에,산과들에
https://www.jobplanet.co.kr/companies/95349/reviews/오마이컴퍼니,오마이컴퍼니
https://www.jobplanet.co.kr/companies/362687/reviews/티그린,티그린
https://www.jobplanet.co.kr/companies/373908/reviews/애트니,애트니
https://www.jobplanet.co.kr/companies/346054/reviews/영원아이앤지,영원아이앤지
https://www.jobplanet.co.kr/companies/333511/reviews/비파인,비파인
https://www.jobplanet.co.kr/companies/368400/reviews/케이비앤시,케이비앤시
https://www.jobplanet.co.kr/companies/369265/reviews/이에스티디지털,이에스티디지털
https://www.jobplanet.co.kr/companies/161854/reviews/삼박에스앤피,삼박에스앤피
https://www.jobplanet.co.kr/companies/75421/reviews/본투로드,본투로드
https://www.jobplanet.co.kr/companies/174447/reviews/지씨에스,지씨에스
https://www.jobplanet.co.kr/companies/315407/reviews/앤드스타일,앤드스타일
https://www.jobplanet.co.kr/companies/58985/reviews/지마켓,㈜지마켓
https://www.jobplanet.co.kr/companies/322583/reviews/알에스미디어,㈜알에스미디어
https://www.jobplanet.co.kr/companies/108039/reviews/케센스코리아,케센스코리아
https://www.jobplanet.co.kr/companies/336770/reviews/쓰리디스토리,쓰리디스토리
https://www.jobplanet.co.kr/companies/94145/reviews/나래플러스,나래플러스
https://www.jobplanet.co.kr/companies/214395/reviews/국민유통,국민유통
https://www.jobplanet.co.kr/companies/322458/reviews/옐로트래블랩스,옐로트래블랩스
https://www.jobplanet.co.kr/companies/332043/reviews/엔코드,엔코드
https://www.jobplanet.co.kr/companies/265099/reviews/다비앙,다비앙
https://www.jobplanet.co.kr/companies/52560/reviews/코프리,코프리
https://www.jobplanet.co.kr/companies/336031/reviews/집꾸미기,집꾸미기
https://www.jobplanet.co.kr/companies/329060/reviews/탑모델,탑모델
https://www.jobplanet.co.kr/companies/139112/reviews/테라솔루션뱅크,테라솔루션뱅크
https://www.jobplanet.co.kr/companies/365304/reviews/가온드림,가온드림
https://www.jobplanet.co.kr/companies/194769/reviews/니즈컴쇼핑몰,니즈컴쇼핑몰
https://www.jobplanet.co.kr/companies/274600/reviews/난다,(주)난다
https://www.jobplanet.co.kr/companies/340228/reviews/헤라힐,헤라힐
https://www.jobplanet.co.kr/companies/17155/reviews/와이즈와이어즈,와이즈와이어즈
https://www.jobplanet.co.kr/companies/371084/reviews/지코인터내셔널,지코인터내셔널
https://www.jobplanet.co.kr/companies/347616/reviews/제이프로인터내셔널,제이프로인터내셔널
https://www.jobplanet.co.kr/companies/359672/reviews/더블유커머스,더블유커머스
https://www.jobplanet.co.kr/companies/366692/reviews/미드타운지와이,미드타운지와이
https://www.jobplanet.co.kr/companies/367595/reviews/트레이드마스터,트레이드마스터
https://www.jobplanet.co.kr/companies/325450/reviews/플러스토닉,플러스토닉
https://www.jobplanet.co.kr/companies/79044/reviews/러닝코리아,러닝코리아
https://www.jobplanet.co.kr/companies/167002/reviews/대동유통,대동유통
https://www.jobplanet.co.kr/companies/196182/reviews/세토리,세토리
https://www.jobplanet.co.kr/companies/378022/reviews/린플러스,린플러스
https://www.jobplanet.co.kr/companies/363286/reviews/다산글로벌,다산글로벌
https://www.jobplanet.co.kr/companies/104604/reviews/지앤유,지앤유
https://www.jobplanet.co.kr/companies/323216/reviews/씨엠케이,씨엠케이
https://www.jobplanet.co.kr/companies/242609/reviews/북코스모스,북코스모스
https://www.jobplanet.co.kr/companies/186212/reviews/이레씨앤씨,이레씨앤씨
https://www.jobplanet.co.kr/companies/267228/reviews/에어메이드,㈜에어메이드
https://www.jobplanet.co.kr/companies/95562/reviews/보부상,보부상
https://www.jobplanet.co.kr/companies/70964/reviews/위블링,㈜위블링
https://www.jobplanet.co.kr/companies/59875/reviews/유앤아이위드,유앤아이위드
https://www.jobplanet.co.kr/companies/68003/reviews/아이소리,아이소리
https://www.jobplanet.co.kr/companies/291976/reviews/아이포터,아이포터
https://www.jobplanet.co.kr/companies/71001/reviews/쉘톤인터내셔날,쉘톤인터내셔날
https://www.jobplanet.co.kr/companies/341777/reviews/분더,분더
https://www.jobplanet.co.kr/companies/325831/reviews/레미떼,레미떼
https://www.jobplanet.co.kr/companies/122896/reviews/유파인네트웍스,유파인네트웍스
https://www.jobplanet.co.kr/companies/133245/reviews/퍼스트코어,퍼스트코어
https://www.jobplanet.co.kr/companies/270296/reviews/엘케이에프,엘케이에프
https://www.jobplanet.co.kr/companies/237878/reviews/비씨디코리아,비씨디코리아
https://www.jobplanet.co.kr/companies/396523/reviews/아이엠무역,아이엠무역
https://www.jobplanet.co.kr/companies/319523/reviews/메디치아이앤씨,메디치아이앤씨
https://www.jobplanet.co.kr/companies/81453/reviews/더블피쉬커뮤니케이션즈,더블피쉬커뮤니케이션즈
https://www.jobplanet.co.kr/companies/325738/reviews/네오스토어,네오스토어
https://www.jobplanet.co.kr/companies/114138/reviews/가리온,가리온
https://www.jobplanet.co.kr/companies/385620/reviews/신세계코리아,신세계코리아
https://www.jobplanet.co.kr/companies/13708/reviews/이제너두,이제너두㈜
https://www.jobplanet.co.kr/companies/415507/reviews/루브르파리,루브르파리
https://www.jobplanet.co.kr/companies/342119/reviews/에스라이즈,에스라이즈
https://www.jobplanet.co.kr/companies/237576/reviews/아라코리아,아라코리아
https://www.jobplanet.co.kr/companies/242528/reviews/누만,누만
https://www.jobplanet.co.kr/companies/342418/reviews/비젠마스터피스,비젠마스터피스
https://www.jobplanet.co.kr/companies/332241/reviews/메디플라워,메디플라워
https://www.jobplanet.co.kr/companies/70735/reviews/스타일티바,스타일티바
https://www.jobplanet.co.kr/companies/312087/reviews/스타일아이콘,스타일아이콘
https://www.jobplanet.co.kr/companies/385249/reviews/바이바이,바이바이
https://www.jobplanet.co.kr/companies/190108/reviews/아웃팅,아웃팅
https://www.jobplanet.co.kr/companies/336143/reviews/씨비제이스타일컴퍼니,씨비제이스타일컴퍼니
https://www.jobplanet.co.kr/companies/159824/reviews/은총에벤에셀,은총에벤에셀
https://www.jobplanet.co.kr/companies/50341/reviews/퍼니엠,퍼니엠
https://www.jobplanet.co.kr/companies/357661/reviews/탑라인에이치디,탑라인에이치디
https://www.jobplanet.co.kr/companies/375419/reviews/라엠코리아,라엠코리아
https://www.jobplanet.co.kr/companies/51121/reviews/트라이패스,트라이패스
https://www.jobplanet.co.kr/companies/387703/reviews/굿프렌드,굿프렌드
https://www.jobplanet.co.kr/companies/223044/reviews/해농씨앤씨,해농씨앤씨
https://www.jobplanet.co.kr/companies/324366/reviews/에스엘로하스,에스엘로하스
https://www.jobplanet.co.kr/companies/317021/reviews/페인트인포,페인트인포
https://www.jobplanet.co.kr/companies/424141/reviews/제이케이커피,㈜제이케이커피
https://www.jobplanet.co.kr/companies/104037/reviews/마루느루,마루느루
https://www.jobplanet.co.kr/companies/358710/reviews/비엠스마일,비엠스마일
https://www.jobplanet.co.kr/companies/297717/reviews/영진미방,영진미방
https://www.jobplanet.co.kr/companies/64628/reviews/에프엠씨패션코리아,에프엠씨패션코리아
https://www.jobplanet.co.kr/companies/297508/reviews/프로젝터매니아,프로젝터매니아
https://www.jobplanet.co.kr/companies/271455/reviews/엘앤씨테크,엘앤씨테크
https://www.jobplanet.co.kr/companies/51084/reviews/트렌드세터,트렌드세터
https://www.jobplanet.co.kr/companies/326723/reviews/꽃배달로즈존,꽃배달로즈존
https://www.jobplanet.co.kr/companies/409329/reviews/레저월드,레저월드
https://www.jobplanet.co.kr/companies/64286/reviews/엔오티에스,엔오티에스
https://www.jobplanet.co.kr/companies/309531/reviews/다다통상,다다통상
https://www.jobplanet.co.kr/companies/150387/reviews/스타팜,스타팜
https://www.jobplanet.co.kr/companies/329350/reviews/이앤알컴퍼니,이앤알컴퍼니
https://www.jobplanet.co.kr/companies/319941/reviews/월드컵토이,월드컵토이
https://www.jobplanet.co.kr/companies/282078/reviews/인트리홀딩스,인트리홀딩스
https://www.jobplanet.co.kr/companies/135894/reviews/에스엔에스이,에스엔에스이
https://www.jobplanet.co.kr/companies/81448/reviews/더샵스토리,더샵스토리
https://www.jobplanet.co.kr/companies/320073/reviews/마더케이,마더케이
https://www.jobplanet.co.kr/companies/320446/reviews/온리스타일,㈜온리스타일
https://www.jobplanet.co.kr/companies/190916/reviews/애플클로젯,애플클로젯
https://www.jobplanet.co.kr/companies/199046/reviews/코로드,코로드
https://www.jobplanet.co.kr/companies/112263/reviews/리쏘,리쏘
https://www.jobplanet.co.kr/companies/342764/reviews/위키파크,위키파크
https://www.jobplanet.co.kr/companies/241582/reviews/디지탈지앤티,디지탈지앤티
https://www.jobplanet.co.kr/companies/338258/reviews/더나음,㈜더나음
https://www.jobplanet.co.kr/companies/401269/reviews/모세컴퍼니,모세컴퍼니
https://www.jobplanet.co.kr/companies/348765/reviews/에프비존,에프비존
https://www.jobplanet.co.kr/companies/315673/reviews/한참,㈜한참
https://www.jobplanet.co.kr/companies/312924/reviews/미즈무역,미즈무역
https://www.jobplanet.co.kr/companies/281786/reviews/해찬아이앤디,해찬아이앤디
https://www.jobplanet.co.kr/companies/6199/reviews/태웅무역,태웅무역
https://www.jobplanet.co.kr/companies/65098/reviews/에이온코스퍼,에이온코스퍼
https://www.jobplanet.co.kr/companies/124087/reviews/툴스피아,툴스피아
https://www.jobplanet.co.kr/companies/370963/reviews/잉글랜더코리아,잉글랜더코리아
https://www.jobplanet.co.kr/companies/203865/reviews/이노타임,이노타임
https://www.jobplanet.co.kr/companies/274398/reviews/설탕공장,설탕공장
https://www.jobplanet.co.kr/companies/275012/reviews/몰던카,몰던카
https://www.jobplanet.co.kr/companies/326472/reviews/꿈비,㈜꿈비
https://www.jobplanet.co.kr/companies/76548/reviews/미싱이야기,미싱이야기
https://www.jobplanet.co.kr/companies/131138/reviews/한양켐,한양켐
https://www.jobplanet.co.kr/companies/67755/reviews/아이엠아이,아이엠아이
https://www.jobplanet.co.kr/companies/336145/reviews/주오코스메틱스,주오코스메틱스
https://www.jobplanet.co.kr/companies/316330/reviews/하미글로벌,㈜하미글로벌
https://www.jobplanet.co.kr/companies/375058/reviews/뷰티여우,뷰티여우
https://www.jobplanet.co.kr/companies/91388/reviews/제이슨그룹,제이슨그룹
https://www.jobplanet.co.kr/companies/61801/reviews/와이티티월드,와이티티월드
https://www.jobplanet.co.kr/companies/45187/reviews/고운머리,고운머리
https://www.jobplanet.co.kr/companies/108615/reviews/비타그램,비타그램
https://www.jobplanet.co.kr/companies/371904/reviews/팜페이몰,팜페이몰
https://www.jobplanet.co.kr/companies/78217/reviews/립합,립합
https://www.jobplanet.co.kr/companies/321027/reviews/도드리,도드리
